Id,task_1,task_2
C:/Users/Dwight/Music/AP187-Imaging/Dermatologist-AI/data/test\melanoma\ISIC_0012258.jpg,0.31294018,0.23811457
C:/Users/Dwight/Music/AP187-Imaging/Dermatologist-AI/data/test\melanoma\ISIC_0012356.jpg,0.36831415,0.2529084
C:/Users/Dwight/Music/AP187-Imaging/Dermatologist-AI/data/test\melanoma\ISIC_0012369.jpg,0.40587297,0.08474695
C:/Users/Dwight/Music/AP187-Imaging/Dermatologist-AI/data/test\melanoma\ISIC_0012395.jpg,0.2800607,0.41386744
C:/Users/Dwight/Music/AP187-Imaging/Dermatologist-AI/data/test\melanoma\ISIC_0012425.jpg,0.11648495,0.10426933
C:/Users/Dwight/Music/AP187-Imaging/Dermatologist-AI/data/test\melanoma\ISIC_0012758.jpg,0.3150377,0.0035077003
C:/Users/Dwight/Music/AP187-Imaging/Dermatologist-AI/data/test\melanoma\ISIC_0012989.jpg,0.25997317,0.120367154
C:/Users/Dwight/Music/AP187-Imaging/Dermatologist-AI/data/test\melanoma\ISIC_0013072.jpg,0.65335935,0.12844375
C:/Users/Dwight/Music/AP187-Imaging/Dermatologist-AI/data/test\melanoma\ISIC_0013073.jpg,0.5837979,0.07416029
C:/Users/Dwight/Music/AP187-Imaging/Dermatologist-AI/data/test\melanoma\ISIC_0013242.jpg,0.50040054,0.08471913
C:/Users/Dwight/Music/AP187-Imaging/Dermatologist-AI/data/test\melanoma\ISIC_0013277.jpg,0.14184171,0.6453548
C:/Users/Dwight/Music/AP187-Imaging/Dermatologist-AI/data/test\melanoma\ISIC_0013321.jpg,0.19385566,0.5292608
C:/Users/Dwight/Music/AP187-Imaging/Dermatologist-AI/data/test\melanoma\ISIC_0013374.jpg,0.57568836,0.07884054
C:/Users/Dwight/Music/AP187-Imaging/Dermatologist-AI/data/test\melanoma\ISIC_0013411.jpg,0.10268031,0.8636785
C:/Users/Dwight/Music/AP187-Imaging/Dermatologist-AI/data/test\melanoma\ISIC_0013414.jpg,0.036635477,0.036675557
C:/Users/Dwight/Music/AP187-Imaging/Dermatologist-AI/data/test\melanoma\ISIC_0013455.jpg,0.45944393,0.07772362
C:/Users/Dwight/Music/AP187-Imaging/Dermatologist-AI/data/test\melanoma\ISIC_0013457.jpg,0.5558973,0.25878215
C:/Users/Dwight/Music/AP187-Imaging/Dermatologist-AI/data/test\melanoma\ISIC_0013459.jpg,0.27717665,0.17288901
C:/Users/Dwight/Music/AP187-Imaging/Dermatologist-AI/data/test\melanoma\ISIC_0013472.jpg,0.30301514,0.36936277
C:/Users/Dwight/Music/AP187-Imaging/Dermatologist-AI/data/test\melanoma\ISIC_0013473.jpg,0.5744711,0.31437817
C:/Users/Dwight/Music/AP187-Imaging/Dermatologist-AI/data/test\melanoma\ISIC_0013565.jpg,0.34326833,0.24564771
C:/Users/Dwight/Music/AP187-Imaging/Dermatologist-AI/data/test\melanoma\ISIC_0013577.jpg,0.15204358,0.44150224
C:/Users/Dwight/Music/AP187-Imaging/Dermatologist-AI/data/test\melanoma\ISIC_0013588.jpg,0.2554626,0.49154106
C:/Users/Dwight/Music/AP187-Imaging/Dermatologist-AI/data/test\melanoma\ISIC_0013615.jpg,0.5251566,0.15715232
C:/Users/Dwight/Music/AP187-Imaging/Dermatologist-AI/data/test\melanoma\ISIC_0013617.jpg,0.24925758,0.15506347
C:/Users/Dwight/Music/AP187-Imaging/Dermatologist-AI/data/test\melanoma\ISIC_0013636.jpg,0.3962212,0.2953585
C:/Users/Dwight/Music/AP187-Imaging/Dermatologist-AI/data/test\melanoma\ISIC_0013678.jpg,0.27054316,0.58078396
C:/Users/Dwight/Music/AP187-Imaging/Dermatologist-AI/data/test\melanoma\ISIC_0013696.jpg,0.25223255,0.13904946
C:/Users/Dwight/Music/AP187-Imaging/Dermatologist-AI/data/test\melanoma\ISIC_0013733.jpg,0.6487463,0.24637333
C:/Users/Dwight/Music/AP187-Imaging/Dermatologist-AI/data/test\melanoma\ISIC_0013739.jpg,0.1584585,0.6845667
C:/Users/Dwight/Music/AP187-Imaging/Dermatologist-AI/data/test\melanoma\ISIC_0013766.jpg,0.2229915,0.026331084
C:/Users/Dwight/Music/AP187-Imaging/Dermatologist-AI/data/test\melanoma\ISIC_0013767.jpg,0.5364782,0.114499964
C:/Users/Dwight/Music/AP187-Imaging/Dermatologist-AI/data/test\melanoma\ISIC_0013813.jpg,0.4209417,0.33162677
C:/Users/Dwight/Music/AP187-Imaging/Dermatologist-AI/data/test\melanoma\ISIC_0013814.jpg,0.5528937,0.15523472
C:/Users/Dwight/Music/AP187-Imaging/Dermatologist-AI/data/test\melanoma\ISIC_0013833.jpg,0.74133915,0.18051548
C:/Users/Dwight/Music/AP187-Imaging/Dermatologist-AI/data/test\melanoma\ISIC_0013842.jpg,0.13893403,0.26038152
C:/Users/Dwight/Music/AP187-Imaging/Dermatologist-AI/data/test\melanoma\ISIC_0013867.jpg,0.3895197,0.20193535
C:/Users/Dwight/Music/AP187-Imaging/Dermatologist-AI/data/test\melanoma\ISIC_0013908.jpg,0.38638008,0.46632186
C:/Users/Dwight/Music/AP187-Imaging/Dermatologist-AI/data/test\melanoma\ISIC_0013917.jpg,0.010890048,0.14874218
C:/Users/Dwight/Music/AP187-Imaging/Dermatologist-AI/data/test\melanoma\ISIC_0013925.jpg,0.10696093,0.832361
C:/Users/Dwight/Music/AP187-Imaging/Dermatologist-AI/data/test\melanoma\ISIC_0013948.jpg,0.5868001,0.07368239
C:/Users/Dwight/Music/AP187-Imaging/Dermatologist-AI/data/test\melanoma\ISIC_0013953.jpg,0.19374593,0.48358902
C:/Users/Dwight/Music/AP187-Imaging/Dermatologist-AI/data/test\melanoma\ISIC_0013987.jpg,0.40588236,0.2887223
C:/Users/Dwight/Music/AP187-Imaging/Dermatologist-AI/data/test\melanoma\ISIC_0013988.jpg,0.35892692,0.22429484
C:/Users/Dwight/Music/AP187-Imaging/Dermatologist-AI/data/test\melanoma\ISIC_0014027.jpg,0.06362773,0.8204448
C:/Users/Dwight/Music/AP187-Imaging/Dermatologist-AI/data/test\melanoma\ISIC_0014059.jpg,0.08682781,0.043731283
C:/Users/Dwight/Music/AP187-Imaging/Dermatologist-AI/data/test\melanoma\ISIC_0014077.jpg,0.4350682,0.18784739
C:/Users/Dwight/Music/AP187-Imaging/Dermatologist-AI/data/test\melanoma\ISIC_0014103.jpg,0.20132858,0.4217865
C:/Users/Dwight/Music/AP187-Imaging/Dermatologist-AI/data/test\melanoma\ISIC_0014110.jpg,0.3802492,0.12526508
C:/Users/Dwight/Music/AP187-Imaging/Dermatologist-AI/data/test\melanoma\ISIC_0014129.jpg,0.66060853,0.12473284
C:/Users/Dwight/Music/AP187-Imaging/Dermatologist-AI/data/test\melanoma\ISIC_0014148.jpg,0.5365383,0.2430619
C:/Users/Dwight/Music/AP187-Imaging/Dermatologist-AI/data/test\melanoma\ISIC_0014160.jpg,0.6064655,0.15340409
C:/Users/Dwight/Music/AP187-Imaging/Dermatologist-AI/data/test\melanoma\ISIC_0014181.jpg,0.76881194,0.107825555
C:/Users/Dwight/Music/AP187-Imaging/Dermatologist-AI/data/test\melanoma\ISIC_0014186.jpg,0.21705736,0.39640945
C:/Users/Dwight/Music/AP187-Imaging/Dermatologist-AI/data/test\melanoma\ISIC_0014219.jpg,0.4835112,0.3971619
C:/Users/Dwight/Music/AP187-Imaging/Dermatologist-AI/data/test\melanoma\ISIC_0014221.jpg,0.10757531,0.079509854
C:/Users/Dwight/Music/AP187-Imaging/Dermatologist-AI/data/test\melanoma\ISIC_0014233.jpg,0.30754846,0.528264
C:/Users/Dwight/Music/AP187-Imaging/Dermatologist-AI/data/test\melanoma\ISIC_0014255.jpg,0.066243745,0.01709333
C:/Users/Dwight/Music/AP187-Imaging/Dermatologist-AI/data/test\melanoma\ISIC_0014270.jpg,0.444545,0.366309
C:/Users/Dwight/Music/AP187-Imaging/Dermatologist-AI/data/test\melanoma\ISIC_0014284.jpg,0.47385064,0.34138185
C:/Users/Dwight/Music/AP187-Imaging/Dermatologist-AI/data/test\melanoma\ISIC_0014288.jpg,0.33201087,0.19465269
C:/Users/Dwight/Music/AP187-Imaging/Dermatologist-AI/data/test\melanoma\ISIC_0014319.jpg,0.70836496,0.08609922
C:/Users/Dwight/Music/AP187-Imaging/Dermatologist-AI/data/test\melanoma\ISIC_0014336.jpg,0.626429,0.28897426
C:/Users/Dwight/Music/AP187-Imaging/Dermatologist-AI/data/test\melanoma\ISIC_0014349.jpg,0.5726677,0.23758145
C:/Users/Dwight/Music/AP187-Imaging/Dermatologist-AI/data/test\melanoma\ISIC_0014369.jpg,0.5383509,0.098563366
C:/Users/Dwight/Music/AP187-Imaging/Dermatologist-AI/data/test\melanoma\ISIC_0014423.jpg,0.47120944,0.23680215
C:/Users/Dwight/Music/AP187-Imaging/Dermatologist-AI/data/test\melanoma\ISIC_0014434.jpg,0.11274432,0.79617155
C:/Users/Dwight/Music/AP187-Imaging/Dermatologist-AI/data/test\melanoma\ISIC_0014454.jpg,0.41343704,0.33077064
C:/Users/Dwight/Music/AP187-Imaging/Dermatologist-AI/data/test\melanoma\ISIC_0014478.jpg,0.52281237,0.035776462
C:/Users/Dwight/Music/AP187-Imaging/Dermatologist-AI/data/test\melanoma\ISIC_0014489.jpg,0.7220462,0.1367978
C:/Users/Dwight/Music/AP187-Imaging/Dermatologist-AI/data/test\melanoma\ISIC_0014506.jpg,0.49622744,0.4151632
C:/Users/Dwight/Music/AP187-Imaging/Dermatologist-AI/data/test\melanoma\ISIC_0014513.jpg,0.41019124,0.34228754
C:/Users/Dwight/Music/AP187-Imaging/Dermatologist-AI/data/test\melanoma\ISIC_0014541.jpg,0.7899648,0.07241437
C:/Users/Dwight/Music/AP187-Imaging/Dermatologist-AI/data/test\melanoma\ISIC_0014542.jpg,0.3101975,0.07404739
C:/Users/Dwight/Music/AP187-Imaging/Dermatologist-AI/data/test\melanoma\ISIC_0014546.jpg,0.6925472,0.10276909
C:/Users/Dwight/Music/AP187-Imaging/Dermatologist-AI/data/test\melanoma\ISIC_0014548.jpg,0.5026209,0.06088469
C:/Users/Dwight/Music/AP187-Imaging/Dermatologist-AI/data/test\melanoma\ISIC_0014559.jpg,0.49687773,0.44988555
C:/Users/Dwight/Music/AP187-Imaging/Dermatologist-AI/data/test\melanoma\ISIC_0014663.jpg,0.7615669,0.13347854
C:/Users/Dwight/Music/AP187-Imaging/Dermatologist-AI/data/test\melanoma\ISIC_0014666.jpg,0.40006292,0.5054948
C:/Users/Dwight/Music/AP187-Imaging/Dermatologist-AI/data/test\melanoma\ISIC_0014695.jpg,0.33400828,0.2502151
C:/Users/Dwight/Music/AP187-Imaging/Dermatologist-AI/data/test\melanoma\ISIC_0014703.jpg,0.33626676,0.5430858
C:/Users/Dwight/Music/AP187-Imaging/Dermatologist-AI/data/test\melanoma\ISIC_0014727.jpg,0.2022278,0.52204007
C:/Users/Dwight/Music/AP187-Imaging/Dermatologist-AI/data/test\melanoma\ISIC_0014766.jpg,0.3894056,0.4044535
C:/Users/Dwight/Music/AP187-Imaging/Dermatologist-AI/data/test\melanoma\ISIC_0014772.jpg,0.32889786,0.07961135
C:/Users/Dwight/Music/AP187-Imaging/Dermatologist-AI/data/test\melanoma\ISIC_0014784.jpg,0.23405221,0.7141307
C:/Users/Dwight/Music/AP187-Imaging/Dermatologist-AI/data/test\melanoma\ISIC_0014790.jpg,0.25785848,0.714532
C:/Users/Dwight/Music/AP187-Imaging/Dermatologist-AI/data/test\melanoma\ISIC_0014800.jpg,0.21748294,0.07779981
C:/Users/Dwight/Music/AP187-Imaging/Dermatologist-AI/data/test\melanoma\ISIC_0014826.jpg,0.2689302,0.0034491087
C:/Users/Dwight/Music/AP187-Imaging/Dermatologist-AI/data/test\melanoma\ISIC_0014862.jpg,0.41854116,0.12369871
C:/Users/Dwight/Music/AP187-Imaging/Dermatologist-AI/data/test\melanoma\ISIC_0014872.jpg,0.13472904,0.75398564
C:/Users/Dwight/Music/AP187-Imaging/Dermatologist-AI/data/test\melanoma\ISIC_0014883.jpg,0.26929858,0.002585778
C:/Users/Dwight/Music/AP187-Imaging/Dermatologist-AI/data/test\melanoma\ISIC_0014912.jpg,0.4344031,0.058706846
C:/Users/Dwight/Music/AP187-Imaging/Dermatologist-AI/data/test\melanoma\ISIC_0014928.jpg,0.07501143,0.004612327
C:/Users/Dwight/Music/AP187-Imaging/Dermatologist-AI/data/test\melanoma\ISIC_0014932.jpg,0.27728042,0.038295355
C:/Users/Dwight/Music/AP187-Imaging/Dermatologist-AI/data/test\melanoma\ISIC_0014963.jpg,0.56069136,0.29865173
C:/Users/Dwight/Music/AP187-Imaging/Dermatologist-AI/data/test\melanoma\ISIC_0014982.jpg,0.48082966,0.07230282
C:/Users/Dwight/Music/AP187-Imaging/Dermatologist-AI/data/test\melanoma\ISIC_0015004.jpg,0.29733488,0.017815204
C:/Users/Dwight/Music/AP187-Imaging/Dermatologist-AI/data/test\melanoma\ISIC_0015041.jpg,0.46902925,0.22249547
C:/Users/Dwight/Music/AP187-Imaging/Dermatologist-AI/data/test\melanoma\ISIC_0015046.jpg,0.28871468,0.24149907
C:/Users/Dwight/Music/AP187-Imaging/Dermatologist-AI/data/test\melanoma\ISIC_0015050.jpg,0.5574219,0.18974194
C:/Users/Dwight/Music/AP187-Imaging/Dermatologist-AI/data/test\melanoma\ISIC_0015071.jpg,0.7155127,0.057993133
C:/Users/Dwight/Music/AP187-Imaging/Dermatologist-AI/data/test\melanoma\ISIC_0015115.jpg,0.7425453,0.04241577
C:/Users/Dwight/Music/AP187-Imaging/Dermatologist-AI/data/test\melanoma\ISIC_0015119.jpg,0.7435368,0.030777827
C:/Users/Dwight/Music/AP187-Imaging/Dermatologist-AI/data/test\melanoma\ISIC_0015127.jpg,0.5606889,0.022846492
C:/Users/Dwight/Music/AP187-Imaging/Dermatologist-AI/data/test\melanoma\ISIC_0015132.jpg,0.58386433,0.09615806
C:/Users/Dwight/Music/AP187-Imaging/Dermatologist-AI/data/test\melanoma\ISIC_0015133.jpg,0.5730742,0.10466221
C:/Users/Dwight/Music/AP187-Imaging/Dermatologist-AI/data/test\melanoma\ISIC_0015136.jpg,0.5001952,0.030002711
C:/Users/Dwight/Music/AP187-Imaging/Dermatologist-AI/data/test\melanoma\ISIC_0015142.jpg,0.6041265,0.09916251
C:/Users/Dwight/Music/AP187-Imaging/Dermatologist-AI/data/test\melanoma\ISIC_0015156.jpg,0.4062442,0.23308182
C:/Users/Dwight/Music/AP187-Imaging/Dermatologist-AI/data/test\melanoma\ISIC_0015163.jpg,0.5312003,0.22769909
C:/Users/Dwight/Music/AP187-Imaging/Dermatologist-AI/data/test\melanoma\ISIC_0015167.jpg,0.6950237,0.21452877
C:/Users/Dwight/Music/AP187-Imaging/Dermatologist-AI/data/test\melanoma\ISIC_0015180.jpg,0.4391899,0.42707655
C:/Users/Dwight/Music/AP187-Imaging/Dermatologist-AI/data/test\melanoma\ISIC_0015185.jpg,0.32842138,0.37400994
C:/Users/Dwight/Music/AP187-Imaging/Dermatologist-AI/data/test\melanoma\ISIC_0015193.jpg,0.40317702,0.024515742
C:/Users/Dwight/Music/AP187-Imaging/Dermatologist-AI/data/test\melanoma\ISIC_0015206.jpg,0.6013533,0.058754425
C:/Users/Dwight/Music/AP187-Imaging/Dermatologist-AI/data/test\melanoma\ISIC_0015229.jpg,0.7751381,0.15586345
C:/Users/Dwight/Music/AP187-Imaging/Dermatologist-AI/data/test\melanoma\ISIC_0015251.jpg,0.32954863,0.24614446
C:/Users/Dwight/Music/AP187-Imaging/Dermatologist-AI/data/test\nevus\ISIC_0012092.jpg,0.14668338,0.05404008
C:/Users/Dwight/Music/AP187-Imaging/Dermatologist-AI/data/test\nevus\ISIC_0012095.jpg,0.3057606,0.080923244
C:/Users/Dwight/Music/AP187-Imaging/Dermatologist-AI/data/test\nevus\ISIC_0012147.jpg,0.020374965,0.102835946
C:/Users/Dwight/Music/AP187-Imaging/Dermatologist-AI/data/test\nevus\ISIC_0012149.jpg,0.06487898,0.6116667
C:/Users/Dwight/Music/AP187-Imaging/Dermatologist-AI/data/test\nevus\ISIC_0012152.jpg,0.1357847,0.56888497
C:/Users/Dwight/Music/AP187-Imaging/Dermatologist-AI/data/test\nevus\ISIC_0012216.jpg,0.16460791,0.1459699
C:/Users/Dwight/Music/AP187-Imaging/Dermatologist-AI/data/test\nevus\ISIC_0012357.jpg,0.47686014,0.31619546
C:/Users/Dwight/Music/AP187-Imaging/Dermatologist-AI/data/test\nevus\ISIC_0012484.jpg,0.20396356,0.53515196
C:/Users/Dwight/Music/AP187-Imaging/Dermatologist-AI/data/test\nevus\ISIC_0012493.jpg,0.040382057,0.024688948
C:/Users/Dwight/Music/AP187-Imaging/Dermatologist-AI/data/test\nevus\ISIC_0012551.jpg,0.035842646,0.23124401
C:/Users/Dwight/Music/AP187-Imaging/Dermatologist-AI/data/test\nevus\ISIC_0012654.jpg,0.034434333,0.07971456
C:/Users/Dwight/Music/AP187-Imaging/Dermatologist-AI/data/test\nevus\ISIC_0012656.jpg,0.41578504,0.014426926
C:/Users/Dwight/Music/AP187-Imaging/Dermatologist-AI/data/test\nevus\ISIC_0012708.jpg,0.06539533,0.2825702
C:/Users/Dwight/Music/AP187-Imaging/Dermatologist-AI/data/test\nevus\ISIC_0012722.jpg,0.16443893,0.065810256
C:/Users/Dwight/Music/AP187-Imaging/Dermatologist-AI/data/test\nevus\ISIC_0012803.jpg,0.43147537,0.23213343
C:/Users/Dwight/Music/AP187-Imaging/Dermatologist-AI/data/test\nevus\ISIC_0012836.jpg,0.17730467,0.2089463
C:/Users/Dwight/Music/AP187-Imaging/Dermatologist-AI/data/test\nevus\ISIC_0012837.jpg,0.24527463,0.34149578
C:/Users/Dwight/Music/AP187-Imaging/Dermatologist-AI/data/test\nevus\ISIC_0012903.jpg,0.07511467,0.1308725
C:/Users/Dwight/Music/AP187-Imaging/Dermatologist-AI/data/test\nevus\ISIC_0012904.jpg,0.03131438,0.14962742
C:/Users/Dwight/Music/AP187-Imaging/Dermatologist-AI/data/test\nevus\ISIC_0012941.jpg,0.040043365,0.2853635
C:/Users/Dwight/Music/AP187-Imaging/Dermatologist-AI/data/test\nevus\ISIC_0012967.jpg,0.10758766,0.4695821
C:/Users/Dwight/Music/AP187-Imaging/Dermatologist-AI/data/test\nevus\ISIC_0013045.jpg,0.2181334,0.008254836
C:/Users/Dwight/Music/AP187-Imaging/Dermatologist-AI/data/test\nevus\ISIC_0013070.jpg,0.07271539,0.064346805
C:/Users/Dwight/Music/AP187-Imaging/Dermatologist-AI/data/test\nevus\ISIC_0013109.jpg,0.09585336,0.027292784
C:/Users/Dwight/Music/AP187-Imaging/Dermatologist-AI/data/test\nevus\ISIC_0013159.jpg,0.18549442,0.5166155
C:/Users/Dwight/Music/AP187-Imaging/Dermatologist-AI/data/test\nevus\ISIC_0013164.jpg,0.008261617,0.015049428
C:/Users/Dwight/Music/AP187-Imaging/Dermatologist-AI/data/test\nevus\ISIC_0013176.jpg,0.18033296,0.06617423
C:/Users/Dwight/Music/AP187-Imaging/Dermatologist-AI/data/test\nevus\ISIC_0013191.jpg,0.090676494,0.3939453
C:/Users/Dwight/Music/AP187-Imaging/Dermatologist-AI/data/test\nevus\ISIC_0013216.jpg,0.1573762,0.4581672
C:/Users/Dwight/Music/AP187-Imaging/Dermatologist-AI/data/test\nevus\ISIC_0013226.jpg,0.036459327,0.08822731
C:/Users/Dwight/Music/AP187-Imaging/Dermatologist-AI/data/test\nevus\ISIC_0013230.jpg,0.07393175,0.036336005
C:/Users/Dwight/Music/AP187-Imaging/Dermatologist-AI/data/test\nevus\ISIC_0013269.jpg,0.38158512,0.0479187
C:/Users/Dwight/Music/AP187-Imaging/Dermatologist-AI/data/test\nevus\ISIC_0013291.jpg,0.25919068,0.047700327
C:/Users/Dwight/Music/AP187-Imaging/Dermatologist-AI/data/test\nevus\ISIC_0013325.jpg,0.099929444,0.051284898
C:/Users/Dwight/Music/AP187-Imaging/Dermatologist-AI/data/test\nevus\ISIC_0013399.jpg,0.0051900847,0.009185088
C:/Users/Dwight/Music/AP187-Imaging/Dermatologist-AI/data/test\nevus\ISIC_0013416.jpg,0.006254847,0.01293167
C:/Users/Dwight/Music/AP187-Imaging/Dermatologist-AI/data/test\nevus\ISIC_0013511.jpg,0.45019695,0.2637759
C:/Users/Dwight/Music/AP187-Imaging/Dermatologist-AI/data/test\nevus\ISIC_0013512.jpg,0.1769798,0.3124594
C:/Users/Dwight/Music/AP187-Imaging/Dermatologist-AI/data/test\nevus\ISIC_0013529.jpg,0.24212874,0.04243679
C:/Users/Dwight/Music/AP187-Imaging/Dermatologist-AI/data/test\nevus\ISIC_0013600.jpg,0.489061,0.12682131
C:/Users/Dwight/Music/AP187-Imaging/Dermatologist-AI/data/test\nevus\ISIC_0013602.jpg,0.66764474,0.038078345
C:/Users/Dwight/Music/AP187-Imaging/Dermatologist-AI/data/test\nevus\ISIC_0013738.jpg,0.0067944624,0.008338249
C:/Users/Dwight/Music/AP187-Imaging/Dermatologist-AI/data/test\nevus\ISIC_0013794.jpg,0.070468605,0.042647053
C:/Users/Dwight/Music/AP187-Imaging/Dermatologist-AI/data/test\nevus\ISIC_0013809.jpg,0.66674405,0.07378713
C:/Users/Dwight/Music/AP187-Imaging/Dermatologist-AI/data/test\nevus\ISIC_0013891.jpg,0.28123122,0.18696985
C:/Users/Dwight/Music/AP187-Imaging/Dermatologist-AI/data/test\nevus\ISIC_0013897.jpg,0.48549214,0.26338926
C:/Users/Dwight/Music/AP187-Imaging/Dermatologist-AI/data/test\nevus\ISIC_0013911.jpg,0.2372135,0.37784004
C:/Users/Dwight/Music/AP187-Imaging/Dermatologist-AI/data/test\nevus\ISIC_0013966.jpg,0.2624088,0.48676613
C:/Users/Dwight/Music/AP187-Imaging/Dermatologist-AI/data/test\nevus\ISIC_0013998.jpg,0.18240885,0.176663
C:/Users/Dwight/Music/AP187-Imaging/Dermatologist-AI/data/test\nevus\ISIC_0014090.jpg,0.0049363924,0.008959391
C:/Users/Dwight/Music/AP187-Imaging/Dermatologist-AI/data/test\nevus\ISIC_0014117.jpg,0.04678463,0.020757653
C:/Users/Dwight/Music/AP187-Imaging/Dermatologist-AI/data/test\nevus\ISIC_0014470.jpg,0.040308595,0.72478276
C:/Users/Dwight/Music/AP187-Imaging/Dermatologist-AI/data/test\nevus\ISIC_0014675.jpg,0.02719343,0.0010576005
C:/Users/Dwight/Music/AP187-Imaging/Dermatologist-AI/data/test\nevus\ISIC_0014677.jpg,0.03728877,0.007660694
C:/Users/Dwight/Music/AP187-Imaging/Dermatologist-AI/data/test\nevus\ISIC_0014687.jpg,0.36256298,0.039708875
C:/Users/Dwight/Music/AP187-Imaging/Dermatologist-AI/data/test\nevus\ISIC_0014693.jpg,0.4189363,0.1307714
C:/Users/Dwight/Music/AP187-Imaging/Dermatologist-AI/data/test\nevus\ISIC_0014697.jpg,0.033798467,0.106142946
C:/Users/Dwight/Music/AP187-Imaging/Dermatologist-AI/data/test\nevus\ISIC_0014698.jpg,0.14862303,0.050657254
C:/Users/Dwight/Music/AP187-Imaging/Dermatologist-AI/data/test\nevus\ISIC_0014720.jpg,0.22267665,0.0032961317
C:/Users/Dwight/Music/AP187-Imaging/Dermatologist-AI/data/test\nevus\ISIC_0014725.jpg,0.37076515,0.010767863
C:/Users/Dwight/Music/AP187-Imaging/Dermatologist-AI/data/test\nevus\ISIC_0014728.jpg,0.29554886,0.018618213
C:/Users/Dwight/Music/AP187-Imaging/Dermatologist-AI/data/test\nevus\ISIC_0014729.jpg,0.19200191,0.049598556
C:/Users/Dwight/Music/AP187-Imaging/Dermatologist-AI/data/test\nevus\ISIC_0014740.jpg,0.47461915,0.34832618
C:/Users/Dwight/Music/AP187-Imaging/Dermatologist-AI/data/test\nevus\ISIC_0014743.jpg,0.30244002,0.059020888
C:/Users/Dwight/Music/AP187-Imaging/Dermatologist-AI/data/test\nevus\ISIC_0014746.jpg,0.17471662,0.02761397
C:/Users/Dwight/Music/AP187-Imaging/Dermatologist-AI/data/test\nevus\ISIC_0014749.jpg,0.32090563,0.07085495
C:/Users/Dwight/Music/AP187-Imaging/Dermatologist-AI/data/test\nevus\ISIC_0014753.jpg,0.39152387,0.010345794
C:/Users/Dwight/Music/AP187-Imaging/Dermatologist-AI/data/test\nevus\ISIC_0014755.jpg,0.6600258,0.038981482
C:/Users/Dwight/Music/AP187-Imaging/Dermatologist-AI/data/test\nevus\ISIC_0014765.jpg,0.18146844,0.014036629
C:/Users/Dwight/Music/AP187-Imaging/Dermatologist-AI/data/test\nevus\ISIC_0014768.jpg,0.015932424,0.00030404286
C:/Users/Dwight/Music/AP187-Imaging/Dermatologist-AI/data/test\nevus\ISIC_0014773.jpg,0.060744096,0.0009945466
C:/Users/Dwight/Music/AP187-Imaging/Dermatologist-AI/data/test\nevus\ISIC_0014780.jpg,0.3409959,0.0042131077
C:/Users/Dwight/Music/AP187-Imaging/Dermatologist-AI/data/test\nevus\ISIC_0014786.jpg,0.28303424,0.48523417
C:/Users/Dwight/Music/AP187-Imaging/Dermatologist-AI/data/test\nevus\ISIC_0014787.jpg,0.24411629,0.009599762
C:/Users/Dwight/Music/AP187-Imaging/Dermatologist-AI/data/test\nevus\ISIC_0014792.jpg,0.0630427,0.88662094
C:/Users/Dwight/Music/AP187-Imaging/Dermatologist-AI/data/test\nevus\ISIC_0014796.jpg,0.08836398,0.019347543
C:/Users/Dwight/Music/AP187-Imaging/Dermatologist-AI/data/test\nevus\ISIC_0014798.jpg,0.26980734,0.03504241
C:/Users/Dwight/Music/AP187-Imaging/Dermatologist-AI/data/test\nevus\ISIC_0014807.jpg,0.42728338,0.037403878
C:/Users/Dwight/Music/AP187-Imaging/Dermatologist-AI/data/test\nevus\ISIC_0014814.jpg,0.1572325,0.026212804
C:/Users/Dwight/Music/AP187-Imaging/Dermatologist-AI/data/test\nevus\ISIC_0014815.jpg,0.17027323,0.12406752
C:/Users/Dwight/Music/AP187-Imaging/Dermatologist-AI/data/test\nevus\ISIC_0014820.jpg,0.008937591,0.0013522516
C:/Users/Dwight/Music/AP187-Imaging/Dermatologist-AI/data/test\nevus\ISIC_0014822.jpg,0.35885474,0.032226935
C:/Users/Dwight/Music/AP187-Imaging/Dermatologist-AI/data/test\nevus\ISIC_0014833.jpg,0.2980025,0.13367239
C:/Users/Dwight/Music/AP187-Imaging/Dermatologist-AI/data/test\nevus\ISIC_0014835.jpg,0.38941067,0.04150447
C:/Users/Dwight/Music/AP187-Imaging/Dermatologist-AI/data/test\nevus\ISIC_0014844.jpg,0.22956243,0.101741076
C:/Users/Dwight/Music/AP187-Imaging/Dermatologist-AI/data/test\nevus\ISIC_0014853.jpg,0.1360968,0.0037294077
C:/Users/Dwight/Music/AP187-Imaging/Dermatologist-AI/data/test\nevus\ISIC_0014854.jpg,0.32064202,0.0281159
C:/Users/Dwight/Music/AP187-Imaging/Dermatologist-AI/data/test\nevus\ISIC_0014863.jpg,0.25840572,0.1500704
C:/Users/Dwight/Music/AP187-Imaging/Dermatologist-AI/data/test\nevus\ISIC_0014867.jpg,0.24299361,0.024571612
C:/Users/Dwight/Music/AP187-Imaging/Dermatologist-AI/data/test\nevus\ISIC_0014868.jpg,0.21665902,0.0994942
C:/Users/Dwight/Music/AP187-Imaging/Dermatologist-AI/data/test\nevus\ISIC_0014876.jpg,0.03946052,0.0011571299
C:/Users/Dwight/Music/AP187-Imaging/Dermatologist-AI/data/test\nevus\ISIC_0014879.jpg,0.012549756,0.07167957
C:/Users/Dwight/Music/AP187-Imaging/Dermatologist-AI/data/test\nevus\ISIC_0014901.jpg,0.17734608,0.08656307
C:/Users/Dwight/Music/AP187-Imaging/Dermatologist-AI/data/test\nevus\ISIC_0014907.jpg,0.03374497,0.004272896
C:/Users/Dwight/Music/AP187-Imaging/Dermatologist-AI/data/test\nevus\ISIC_0014910.jpg,0.33468738,0.014663068
C:/Users/Dwight/Music/AP187-Imaging/Dermatologist-AI/data/test\nevus\ISIC_0014921.jpg,0.20465013,0.0032081478
C:/Users/Dwight/Music/AP187-Imaging/Dermatologist-AI/data/test\nevus\ISIC_0014927.jpg,0.13733214,0.0011468983
C:/Users/Dwight/Music/AP187-Imaging/Dermatologist-AI/data/test\nevus\ISIC_0014936.jpg,0.20630603,0.0005660523
C:/Users/Dwight/Music/AP187-Imaging/Dermatologist-AI/data/test\nevus\ISIC_0014938.jpg,0.71166205,0.00077681843
C:/Users/Dwight/Music/AP187-Imaging/Dermatologist-AI/data/test\nevus\ISIC_0014940.jpg,0.24998267,0.009550214
C:/Users/Dwight/Music/AP187-Imaging/Dermatologist-AI/data/test\nevus\ISIC_0014941.jpg,0.24130598,0.0012191132
C:/Users/Dwight/Music/AP187-Imaging/Dermatologist-AI/data/test\nevus\ISIC_0014942.jpg,0.09404508,0.022078367
C:/Users/Dwight/Music/AP187-Imaging/Dermatologist-AI/data/test\nevus\ISIC_0014943.jpg,0.3085607,0.04813038
C:/Users/Dwight/Music/AP187-Imaging/Dermatologist-AI/data/test\nevus\ISIC_0014944.jpg,0.15878923,0.0030969146
C:/Users/Dwight/Music/AP187-Imaging/Dermatologist-AI/data/test\nevus\ISIC_0014947.jpg,0.42242894,0.011674678
C:/Users/Dwight/Music/AP187-Imaging/Dermatologist-AI/data/test\nevus\ISIC_0014948.jpg,0.5225276,0.019795485
C:/Users/Dwight/Music/AP187-Imaging/Dermatologist-AI/data/test\nevus\ISIC_0014949.jpg,0.16618495,0.001291164
C:/Users/Dwight/Music/AP187-Imaging/Dermatologist-AI/data/test\nevus\ISIC_0014952.jpg,0.37322354,0.00373961
C:/Users/Dwight/Music/AP187-Imaging/Dermatologist-AI/data/test\nevus\ISIC_0014955.jpg,0.58309084,0.037855268
C:/Users/Dwight/Music/AP187-Imaging/Dermatologist-AI/data/test\nevus\ISIC_0014956.jpg,0.34397665,0.0037079197
C:/Users/Dwight/Music/AP187-Imaging/Dermatologist-AI/data/test\nevus\ISIC_0014957.jpg,0.31987023,0.003947373
C:/Users/Dwight/Music/AP187-Imaging/Dermatologist-AI/data/test\nevus\ISIC_0014958.jpg,0.388883,0.030428182
C:/Users/Dwight/Music/AP187-Imaging/Dermatologist-AI/data/test\nevus\ISIC_0014959.jpg,0.01263657,0.00077273545
C:/Users/Dwight/Music/AP187-Imaging/Dermatologist-AI/data/test\nevus\ISIC_0014961.jpg,0.4286254,0.016437348
C:/Users/Dwight/Music/AP187-Imaging/Dermatologist-AI/data/test\nevus\ISIC_0014962.jpg,0.17888294,0.3785738
C:/Users/Dwight/Music/AP187-Imaging/Dermatologist-AI/data/test\nevus\ISIC_0014964.jpg,0.25520113,0.002012973
C:/Users/Dwight/Music/AP187-Imaging/Dermatologist-AI/data/test\nevus\ISIC_0014966.jpg,0.2332729,0.030496141
C:/Users/Dwight/Music/AP187-Imaging/Dermatologist-AI/data/test\nevus\ISIC_0014968.jpg,0.5994958,0.045627724
C:/Users/Dwight/Music/AP187-Imaging/Dermatologist-AI/data/test\nevus\ISIC_0014969.jpg,0.21206239,0.0057101515
C:/Users/Dwight/Music/AP187-Imaging/Dermatologist-AI/data/test\nevus\ISIC_0014973.jpg,0.37116536,0.009438965
C:/Users/Dwight/Music/AP187-Imaging/Dermatologist-AI/data/test\nevus\ISIC_0014974.jpg,0.33868882,0.09482888
C:/Users/Dwight/Music/AP187-Imaging/Dermatologist-AI/data/test\nevus\ISIC_0014977.jpg,0.22802584,0.028422806
C:/Users/Dwight/Music/AP187-Imaging/Dermatologist-AI/data/test\nevus\ISIC_0014992.jpg,0.10899593,0.0010976805
C:/Users/Dwight/Music/AP187-Imaging/Dermatologist-AI/data/test\nevus\ISIC_0014994.jpg,0.04206061,0.0067819357
C:/Users/Dwight/Music/AP187-Imaging/Dermatologist-AI/data/test\nevus\ISIC_0014998.jpg,0.30978295,0.07263905
C:/Users/Dwight/Music/AP187-Imaging/Dermatologist-AI/data/test\nevus\ISIC_0015002.jpg,0.099878415,0.22154722
C:/Users/Dwight/Music/AP187-Imaging/Dermatologist-AI/data/test\nevus\ISIC_0015003.jpg,0.39488104,0.18724254
C:/Users/Dwight/Music/AP187-Imaging/Dermatologist-AI/data/test\nevus\ISIC_0015007.jpg,0.015747169,0.013326877
C:/Users/Dwight/Music/AP187-Imaging/Dermatologist-AI/data/test\nevus\ISIC_0015008.jpg,0.46235356,0.08952866
C:/Users/Dwight/Music/AP187-Imaging/Dermatologist-AI/data/test\nevus\ISIC_0015009.jpg,0.293468,0.5780321
C:/Users/Dwight/Music/AP187-Imaging/Dermatologist-AI/data/test\nevus\ISIC_0015011.jpg,0.27887732,0.49559316
C:/Users/Dwight/Music/AP187-Imaging/Dermatologist-AI/data/test\nevus\ISIC_0015013.jpg,0.49804857,0.121775016
C:/Users/Dwight/Music/AP187-Imaging/Dermatologist-AI/data/test\nevus\ISIC_0015015.jpg,0.3577526,0.15317398
C:/Users/Dwight/Music/AP187-Imaging/Dermatologist-AI/data/test\nevus\ISIC_0015016.jpg,0.237339,0.05460762
C:/Users/Dwight/Music/AP187-Imaging/Dermatologist-AI/data/test\nevus\ISIC_0015018.jpg,0.23140225,0.029095478
C:/Users/Dwight/Music/AP187-Imaging/Dermatologist-AI/data/test\nevus\ISIC_0015019.jpg,0.4601525,0.22126703
C:/Users/Dwight/Music/AP187-Imaging/Dermatologist-AI/data/test\nevus\ISIC_0015020.jpg,0.5412621,0.078619234
C:/Users/Dwight/Music/AP187-Imaging/Dermatologist-AI/data/test\nevus\ISIC_0015021.jpg,0.040203266,0.015764961
C:/Users/Dwight/Music/AP187-Imaging/Dermatologist-AI/data/test\nevus\ISIC_0015023.jpg,0.1238205,0.0035124286
C:/Users/Dwight/Music/AP187-Imaging/Dermatologist-AI/data/test\nevus\ISIC_0015026.jpg,0.13012184,0.06847264
C:/Users/Dwight/Music/AP187-Imaging/Dermatologist-AI/data/test\nevus\ISIC_0015030.jpg,0.066945955,0.0012992956
C:/Users/Dwight/Music/AP187-Imaging/Dermatologist-AI/data/test\nevus\ISIC_0015031.jpg,0.122098945,0.668958
C:/Users/Dwight/Music/AP187-Imaging/Dermatologist-AI/data/test\nevus\ISIC_0015034.jpg,0.1723496,0.019144008
C:/Users/Dwight/Music/AP187-Imaging/Dermatologist-AI/data/test\nevus\ISIC_0015035.jpg,0.035111994,0.012814578
C:/Users/Dwight/Music/AP187-Imaging/Dermatologist-AI/data/test\nevus\ISIC_0015037.jpg,0.287122,0.10093297
C:/Users/Dwight/Music/AP187-Imaging/Dermatologist-AI/data/test\nevus\ISIC_0015040.jpg,0.14192514,0.17273311
C:/Users/Dwight/Music/AP187-Imaging/Dermatologist-AI/data/test\nevus\ISIC_0015051.jpg,0.24282257,0.10242193
C:/Users/Dwight/Music/AP187-Imaging/Dermatologist-AI/data/test\nevus\ISIC_0015056.jpg,0.4329473,0.22444408
C:/Users/Dwight/Music/AP187-Imaging/Dermatologist-AI/data/test\nevus\ISIC_0015057.jpg,0.14035788,0.076626815
C:/Users/Dwight/Music/AP187-Imaging/Dermatologist-AI/data/test\nevus\ISIC_0015060.jpg,0.31792006,0.039344396
C:/Users/Dwight/Music/AP187-Imaging/Dermatologist-AI/data/test\nevus\ISIC_0015064.jpg,0.28619942,0.03199512
C:/Users/Dwight/Music/AP187-Imaging/Dermatologist-AI/data/test\nevus\ISIC_0015078.jpg,0.2543242,0.16112795
C:/Users/Dwight/Music/AP187-Imaging/Dermatologist-AI/data/test\nevus\ISIC_0015089.jpg,0.19398183,0.0029326282
C:/Users/Dwight/Music/AP187-Imaging/Dermatologist-AI/data/test\nevus\ISIC_0015102.jpg,0.36727276,0.06343614
C:/Users/Dwight/Music/AP187-Imaging/Dermatologist-AI/data/test\nevus\ISIC_0015118.jpg,0.38389948,0.050924674
C:/Users/Dwight/Music/AP187-Imaging/Dermatologist-AI/data/test\nevus\ISIC_0015125.jpg,0.32755202,0.0031213881
C:/Users/Dwight/Music/AP187-Imaging/Dermatologist-AI/data/test\nevus\ISIC_0015129.jpg,0.27749288,0.15598573
C:/Users/Dwight/Music/AP187-Imaging/Dermatologist-AI/data/test\nevus\ISIC_0015130.jpg,0.297871,0.0033310056
C:/Users/Dwight/Music/AP187-Imaging/Dermatologist-AI/data/test\nevus\ISIC_0015139.jpg,0.4134986,0.01177638
C:/Users/Dwight/Music/AP187-Imaging/Dermatologist-AI/data/test\nevus\ISIC_0015140.jpg,0.48059613,0.029381549
C:/Users/Dwight/Music/AP187-Imaging/Dermatologist-AI/data/test\nevus\ISIC_0015146.jpg,0.51545966,0.061631914
C:/Users/Dwight/Music/AP187-Imaging/Dermatologist-AI/data/test\nevus\ISIC_0015149.jpg,0.3734765,0.10814714
C:/Users/Dwight/Music/AP187-Imaging/Dermatologist-AI/data/test\nevus\ISIC_0015150.jpg,0.27250057,0.015988844
C:/Users/Dwight/Music/AP187-Imaging/Dermatologist-AI/data/test\nevus\ISIC_0015152.jpg,0.097398885,0.335605
C:/Users/Dwight/Music/AP187-Imaging/Dermatologist-AI/data/test\nevus\ISIC_0015155.jpg,0.08268537,0.09810192
C:/Users/Dwight/Music/AP187-Imaging/Dermatologist-AI/data/test\nevus\ISIC_0015157.jpg,0.13483052,0.007949197
C:/Users/Dwight/Music/AP187-Imaging/Dermatologist-AI/data/test\nevus\ISIC_0015160.jpg,0.01991598,0.28921402
C:/Users/Dwight/Music/AP187-Imaging/Dermatologist-AI/data/test\nevus\ISIC_0015161.jpg,0.20502591,0.05910147
C:/Users/Dwight/Music/AP187-Imaging/Dermatologist-AI/data/test\nevus\ISIC_0015171.jpg,0.31870568,0.558812
C:/Users/Dwight/Music/AP187-Imaging/Dermatologist-AI/data/test\nevus\ISIC_0015173.jpg,0.362673,0.25229797
C:/Users/Dwight/Music/AP187-Imaging/Dermatologist-AI/data/test\nevus\ISIC_0015174.jpg,0.32052964,0.0679012
C:/Users/Dwight/Music/AP187-Imaging/Dermatologist-AI/data/test\nevus\ISIC_0015175.jpg,0.16411416,0.04438529
C:/Users/Dwight/Music/AP187-Imaging/Dermatologist-AI/data/test\nevus\ISIC_0015176.jpg,0.42114392,0.050282635
C:/Users/Dwight/Music/AP187-Imaging/Dermatologist-AI/data/test\nevus\ISIC_0015179.jpg,0.2662218,0.07092519
C:/Users/Dwight/Music/AP187-Imaging/Dermatologist-AI/data/test\nevus\ISIC_0015184.jpg,0.22728357,0.021156844
C:/Users/Dwight/Music/AP187-Imaging/Dermatologist-AI/data/test\nevus\ISIC_0015201.jpg,0.29881194,0.0030751766
C:/Users/Dwight/Music/AP187-Imaging/Dermatologist-AI/data/test\nevus\ISIC_0015202.jpg,0.101572,0.00010268376
C:/Users/Dwight/Music/AP187-Imaging/Dermatologist-AI/data/test\nevus\ISIC_0015203.jpg,0.49640036,0.102174826
C:/Users/Dwight/Music/AP187-Imaging/Dermatologist-AI/data/test\nevus\ISIC_0015207.jpg,0.42699412,0.0986153
C:/Users/Dwight/Music/AP187-Imaging/Dermatologist-AI/data/test\nevus\ISIC_0015208.jpg,0.4367494,0.04295597
C:/Users/Dwight/Music/AP187-Imaging/Dermatologist-AI/data/test\nevus\ISIC_0015212.jpg,0.021006549,0.00012425835
C:/Users/Dwight/Music/AP187-Imaging/Dermatologist-AI/data/test\nevus\ISIC_0015215.jpg,0.18419455,0.03249702
C:/Users/Dwight/Music/AP187-Imaging/Dermatologist-AI/data/test\nevus\ISIC_0015216.jpg,0.42738625,0.043654557
C:/Users/Dwight/Music/AP187-Imaging/Dermatologist-AI/data/test\nevus\ISIC_0015217.jpg,0.15351231,0.0057469187
C:/Users/Dwight/Music/AP187-Imaging/Dermatologist-AI/data/test\nevus\ISIC_0015218.jpg,0.16496778,0.0048422585
C:/Users/Dwight/Music/AP187-Imaging/Dermatologist-AI/data/test\nevus\ISIC_0015223.jpg,0.013022509,0.0014383773
C:/Users/Dwight/Music/AP187-Imaging/Dermatologist-AI/data/test\nevus\ISIC_0015224.jpg,0.18278767,0.08257587
C:/Users/Dwight/Music/AP187-Imaging/Dermatologist-AI/data/test\nevus\ISIC_0015226.jpg,0.19095546,0.08804732
C:/Users/Dwight/Music/AP187-Imaging/Dermatologist-AI/data/test\nevus\ISIC_0015232.jpg,0.36238575,0.28579822
C:/Users/Dwight/Music/AP187-Imaging/Dermatologist-AI/data/test\nevus\ISIC_0015237.jpg,0.4638965,0.14815272
C:/Users/Dwight/Music/AP187-Imaging/Dermatologist-AI/data/test\nevus\ISIC_0015241.jpg,0.083455004,0.0037992736
C:/Users/Dwight/Music/AP187-Imaging/Dermatologist-AI/data/test\nevus\ISIC_0015244.jpg,0.23141979,0.23040321
C:/Users/Dwight/Music/AP187-Imaging/Dermatologist-AI/data/test\nevus\ISIC_0015245.jpg,0.056304604,0.07726803
C:/Users/Dwight/Music/AP187-Imaging/Dermatologist-AI/data/test\nevus\ISIC_0015250.jpg,0.16587053,0.63798285
C:/Users/Dwight/Music/AP187-Imaging/Dermatologist-AI/data/test\nevus\ISIC_0015254.jpg,0.34205732,0.15200447
C:/Users/Dwight/Music/AP187-Imaging/Dermatologist-AI/data/test\nevus\ISIC_0015255.jpg,0.50304866,0.21721697
C:/Users/Dwight/Music/AP187-Imaging/Dermatologist-AI/data/test\nevus\ISIC_0015258.jpg,0.32318267,0.050550878
C:/Users/Dwight/Music/AP187-Imaging/Dermatologist-AI/data/test\nevus\ISIC_0015264.jpg,0.14879288,0.22101557
C:/Users/Dwight/Music/AP187-Imaging/Dermatologist-AI/data/test\nevus\ISIC_0015270.jpg,0.21743988,0.025779527
C:/Users/Dwight/Music/AP187-Imaging/Dermatologist-AI/data/test\nevus\ISIC_0015273.jpg,0.05057201,0.041479755
C:/Users/Dwight/Music/AP187-Imaging/Dermatologist-AI/data/test\nevus\ISIC_0015274.jpg,0.3810595,0.09406741
C:/Users/Dwight/Music/AP187-Imaging/Dermatologist-AI/data/test\nevus\ISIC_0015276.jpg,0.09473246,0.01645866
C:/Users/Dwight/Music/AP187-Imaging/Dermatologist-AI/data/test\nevus\ISIC_0015279.jpg,0.24671702,0.0584648
C:/Users/Dwight/Music/AP187-Imaging/Dermatologist-AI/data/test\nevus\ISIC_0015283.jpg,0.21510169,0.0031511362
C:/Users/Dwight/Music/AP187-Imaging/Dermatologist-AI/data/test\nevus\ISIC_0015291.jpg,0.039925035,0.013024611
C:/Users/Dwight/Music/AP187-Imaging/Dermatologist-AI/data/test\nevus\ISIC_0015293.jpg,0.28064993,0.092451744
C:/Users/Dwight/Music/AP187-Imaging/Dermatologist-AI/data/test\nevus\ISIC_0015298.jpg,0.23064646,0.026900528
C:/Users/Dwight/Music/AP187-Imaging/Dermatologist-AI/data/test\nevus\ISIC_0015309.jpg,0.030620731,0.19859989
C:/Users/Dwight/Music/AP187-Imaging/Dermatologist-AI/data/test\nevus\ISIC_0015310.jpg,0.23472159,0.17062809
C:/Users/Dwight/Music/AP187-Imaging/Dermatologist-AI/data/test\nevus\ISIC_0015311.jpg,0.27389446,0.01541765
C:/Users/Dwight/Music/AP187-Imaging/Dermatologist-AI/data/test\nevus\ISIC_0015312.jpg,0.35075617,0.005982874
C:/Users/Dwight/Music/AP187-Imaging/Dermatologist-AI/data/test\nevus\ISIC_0015330.jpg,0.204176,0.002242797
C:/Users/Dwight/Music/AP187-Imaging/Dermatologist-AI/data/test\nevus\ISIC_0015331.jpg,0.16913486,0.03270712
C:/Users/Dwight/Music/AP187-Imaging/Dermatologist-AI/data/test\nevus\ISIC_0015347.jpg,0.32600892,0.0026601644
C:/Users/Dwight/Music/AP187-Imaging/Dermatologist-AI/data/test\nevus\ISIC_0015353.jpg,0.33344164,0.020641161
C:/Users/Dwight/Music/AP187-Imaging/Dermatologist-AI/data/test\nevus\ISIC_0015355.jpg,0.19421053,0.39509305
C:/Users/Dwight/Music/AP187-Imaging/Dermatologist-AI/data/test\nevus\ISIC_0015357.jpg,0.055070516,0.0058846534
C:/Users/Dwight/Music/AP187-Imaging/Dermatologist-AI/data/test\nevus\ISIC_0015360.jpg,0.23913531,0.0021947261
C:/Users/Dwight/Music/AP187-Imaging/Dermatologist-AI/data/test\nevus\ISIC_0015363.jpg,0.41539314,0.3021918
C:/Users/Dwight/Music/AP187-Imaging/Dermatologist-AI/data/test\nevus\ISIC_0015364.jpg,0.22856033,0.19113708
C:/Users/Dwight/Music/AP187-Imaging/Dermatologist-AI/data/test\nevus\ISIC_0015368.jpg,0.30743185,0.03850476
C:/Users/Dwight/Music/AP187-Imaging/Dermatologist-AI/data/test\nevus\ISIC_0015369.jpg,0.19307533,0.06519127
C:/Users/Dwight/Music/AP187-Imaging/Dermatologist-AI/data/test\nevus\ISIC_0015383.jpg,0.19060302,0.007240353
C:/Users/Dwight/Music/AP187-Imaging/Dermatologist-AI/data/test\nevus\ISIC_0015386.jpg,0.29667598,0.0041907346
C:/Users/Dwight/Music/AP187-Imaging/Dermatologist-AI/data/test\nevus\ISIC_0015390.jpg,0.31648278,0.079672396
C:/Users/Dwight/Music/AP187-Imaging/Dermatologist-AI/data/test\nevus\ISIC_0015395.jpg,0.09055337,0.13071653
C:/Users/Dwight/Music/AP187-Imaging/Dermatologist-AI/data/test\nevus\ISIC_0015403.jpg,0.38150927,0.049569022
C:/Users/Dwight/Music/AP187-Imaging/Dermatologist-AI/data/test\nevus\ISIC_0015404.jpg,0.44494557,0.1462958
C:/Users/Dwight/Music/AP187-Imaging/Dermatologist-AI/data/test\nevus\ISIC_0015411.jpg,0.004614774,0.00014844135
C:/Users/Dwight/Music/AP187-Imaging/Dermatologist-AI/data/test\nevus\ISIC_0015412.jpg,0.15165631,0.008984032
C:/Users/Dwight/Music/AP187-Imaging/Dermatologist-AI/data/test\nevus\ISIC_0015416.jpg,0.4934614,0.09680429
C:/Users/Dwight/Music/AP187-Imaging/Dermatologist-AI/data/test\nevus\ISIC_0015417.jpg,0.4601593,0.07669332
C:/Users/Dwight/Music/AP187-Imaging/Dermatologist-AI/data/test\nevus\ISIC_0015418.jpg,0.25517684,0.020723825
C:/Users/Dwight/Music/AP187-Imaging/Dermatologist-AI/data/test\nevus\ISIC_0015419.jpg,0.2980806,0.19155166
C:/Users/Dwight/Music/AP187-Imaging/Dermatologist-AI/data/test\nevus\ISIC_0015436.jpg,0.39577556,0.10563682
C:/Users/Dwight/Music/AP187-Imaging/Dermatologist-AI/data/test\nevus\ISIC_0015440.jpg,0.012312357,0.0028474121
C:/Users/Dwight/Music/AP187-Imaging/Dermatologist-AI/data/test\nevus\ISIC_0015447.jpg,0.5900546,0.096809916
C:/Users/Dwight/Music/AP187-Imaging/Dermatologist-AI/data/test\nevus\ISIC_0015455.jpg,0.2821611,0.5630799
C:/Users/Dwight/Music/AP187-Imaging/Dermatologist-AI/data/test\nevus\ISIC_0015464.jpg,0.55093706,0.07959481
C:/Users/Dwight/Music/AP187-Imaging/Dermatologist-AI/data/test\nevus\ISIC_0015466.jpg,0.27536386,0.12114667
C:/Users/Dwight/Music/AP187-Imaging/Dermatologist-AI/data/test\nevus\ISIC_0015468.jpg,0.0070517287,0.008658386
C:/Users/Dwight/Music/AP187-Imaging/Dermatologist-AI/data/test\nevus\ISIC_0015476.jpg,0.04665613,0.0014959545
C:/Users/Dwight/Music/AP187-Imaging/Dermatologist-AI/data/test\nevus\ISIC_0015481.jpg,0.33520082,0.053297456
C:/Users/Dwight/Music/AP187-Imaging/Dermatologist-AI/data/test\nevus\ISIC_0015482.jpg,0.31276938,0.03188649
C:/Users/Dwight/Music/AP187-Imaging/Dermatologist-AI/data/test\nevus\ISIC_0015485.jpg,0.35480857,0.017598841
C:/Users/Dwight/Music/AP187-Imaging/Dermatologist-AI/data/test\nevus\ISIC_0015510.jpg,0.064636774,0.01869948
C:/Users/Dwight/Music/AP187-Imaging/Dermatologist-AI/data/test\nevus\ISIC_0015526.jpg,0.25984475,0.008111432
C:/Users/Dwight/Music/AP187-Imaging/Dermatologist-AI/data/test\nevus\ISIC_0015537.jpg,0.48125628,0.04611763
C:/Users/Dwight/Music/AP187-Imaging/Dermatologist-AI/data/test\nevus\ISIC_0015544.jpg,0.34751132,0.005261368
C:/Users/Dwight/Music/AP187-Imaging/Dermatologist-AI/data/test\nevus\ISIC_0015559.jpg,0.44348955,0.011611487
C:/Users/Dwight/Music/AP187-Imaging/Dermatologist-AI/data/test\nevus\ISIC_0015563.jpg,0.22489285,0.010428244
C:/Users/Dwight/Music/AP187-Imaging/Dermatologist-AI/data/test\nevus\ISIC_0015566.jpg,0.39362216,0.014200165
C:/Users/Dwight/Music/AP187-Imaging/Dermatologist-AI/data/test\nevus\ISIC_0015568.jpg,0.5027071,0.009463726
C:/Users/Dwight/Music/AP187-Imaging/Dermatologist-AI/data/test\nevus\ISIC_0015582.jpg,0.12018986,0.004100785
C:/Users/Dwight/Music/AP187-Imaging/Dermatologist-AI/data/test\nevus\ISIC_0015593.jpg,0.18918803,0.1236874
C:/Users/Dwight/Music/AP187-Imaging/Dermatologist-AI/data/test\nevus\ISIC_0015603.jpg,0.05104352,0.001201863
C:/Users/Dwight/Music/AP187-Imaging/Dermatologist-AI/data/test\nevus\ISIC_0015607.jpg,0.25338337,0.2599573
C:/Users/Dwight/Music/AP187-Imaging/Dermatologist-AI/data/test\nevus\ISIC_0015614.jpg,0.3503025,0.14655901
C:/Users/Dwight/Music/AP187-Imaging/Dermatologist-AI/data/test\nevus\ISIC_0015617.jpg,0.3430756,0.034323823
C:/Users/Dwight/Music/AP187-Imaging/Dermatologist-AI/data/test\nevus\ISIC_0015625.jpg,0.12968557,0.0014391559
C:/Users/Dwight/Music/AP187-Imaging/Dermatologist-AI/data/test\nevus\ISIC_0015631.jpg,0.2629946,0.06762938
C:/Users/Dwight/Music/AP187-Imaging/Dermatologist-AI/data/test\nevus\ISIC_0015636.jpg,0.4413337,0.026625076
C:/Users/Dwight/Music/AP187-Imaging/Dermatologist-AI/data/test\nevus\ISIC_0015638.jpg,0.09793039,0.0021027506
C:/Users/Dwight/Music/AP187-Imaging/Dermatologist-AI/data/test\nevus\ISIC_0015641.jpg,0.21889889,0.52854854
C:/Users/Dwight/Music/AP187-Imaging/Dermatologist-AI/data/test\nevus\ISIC_0015645.jpg,0.1939567,0.021766998
C:/Users/Dwight/Music/AP187-Imaging/Dermatologist-AI/data/test\nevus\ISIC_0015936.jpg,0.041561928,0.058329184
C:/Users/Dwight/Music/AP187-Imaging/Dermatologist-AI/data/test\nevus\ISIC_0015937.jpg,0.117198266,0.11487832
C:/Users/Dwight/Music/AP187-Imaging/Dermatologist-AI/data/test\nevus\ISIC_0015938.jpg,0.068928756,0.027372573
C:/Users/Dwight/Music/AP187-Imaging/Dermatologist-AI/data/test\nevus\ISIC_0015939.jpg,0.38537234,0.10197557
C:/Users/Dwight/Music/AP187-Imaging/Dermatologist-AI/data/test\nevus\ISIC_0015940.jpg,0.061910354,0.04329564
C:/Users/Dwight/Music/AP187-Imaging/Dermatologist-AI/data/test\nevus\ISIC_0015941.jpg,0.0042795916,0.00014676597
C:/Users/Dwight/Music/AP187-Imaging/Dermatologist-AI/data/test\nevus\ISIC_0015942.jpg,0.032291014,0.06599076
C:/Users/Dwight/Music/AP187-Imaging/Dermatologist-AI/data/test\nevus\ISIC_0015943.jpg,0.053214427,0.058148265
C:/Users/Dwight/Music/AP187-Imaging/Dermatologist-AI/data/test\nevus\ISIC_0015944.jpg,0.22147498,0.49374452
C:/Users/Dwight/Music/AP187-Imaging/Dermatologist-AI/data/test\nevus\ISIC_0015945.jpg,0.29767308,0.22180012
C:/Users/Dwight/Music/AP187-Imaging/Dermatologist-AI/data/test\nevus\ISIC_0015946.jpg,0.29812968,0.09810825
C:/Users/Dwight/Music/AP187-Imaging/Dermatologist-AI/data/test\nevus\ISIC_0015947.jpg,0.28505194,0.18125007
C:/Users/Dwight/Music/AP187-Imaging/Dermatologist-AI/data/test\nevus\ISIC_0015948.jpg,0.13605703,0.027405167
C:/Users/Dwight/Music/AP187-Imaging/Dermatologist-AI/data/test\nevus\ISIC_0015949.jpg,0.064640135,0.0072036027
C:/Users/Dwight/Music/AP187-Imaging/Dermatologist-AI/data/test\nevus\ISIC_0015950.jpg,0.061541814,0.114576295
C:/Users/Dwight/Music/AP187-Imaging/Dermatologist-AI/data/test\nevus\ISIC_0015951.jpg,0.016796209,0.07454007
C:/Users/Dwight/Music/AP187-Imaging/Dermatologist-AI/data/test\nevus\ISIC_0015952.jpg,0.1985642,0.1699791
C:/Users/Dwight/Music/AP187-Imaging/Dermatologist-AI/data/test\nevus\ISIC_0015953.jpg,0.22474995,0.5476165
C:/Users/Dwight/Music/AP187-Imaging/Dermatologist-AI/data/test\nevus\ISIC_0015954.jpg,0.12830606,0.010643338
C:/Users/Dwight/Music/AP187-Imaging/Dermatologist-AI/data/test\nevus\ISIC_0015955.jpg,0.22838062,0.067310624
C:/Users/Dwight/Music/AP187-Imaging/Dermatologist-AI/data/test\nevus\ISIC_0015956.jpg,0.32988673,0.07483162
C:/Users/Dwight/Music/AP187-Imaging/Dermatologist-AI/data/test\nevus\ISIC_0015957.jpg,0.10504465,0.16241904
C:/Users/Dwight/Music/AP187-Imaging/Dermatologist-AI/data/test\nevus\ISIC_0015958.jpg,0.13347286,0.3987079
C:/Users/Dwight/Music/AP187-Imaging/Dermatologist-AI/data/test\nevus\ISIC_0015959.jpg,0.34710813,0.028542805
C:/Users/Dwight/Music/AP187-Imaging/Dermatologist-AI/data/test\nevus\ISIC_0015960.jpg,0.20057426,0.002734435
C:/Users/Dwight/Music/AP187-Imaging/Dermatologist-AI/data/test\nevus\ISIC_0015961.jpg,0.44949982,0.017720861
C:/Users/Dwight/Music/AP187-Imaging/Dermatologist-AI/data/test\nevus\ISIC_0015962.jpg,0.2976275,0.15958448
C:/Users/Dwight/Music/AP187-Imaging/Dermatologist-AI/data/test\nevus\ISIC_0015963.jpg,0.023964211,0.04743897
C:/Users/Dwight/Music/AP187-Imaging/Dermatologist-AI/data/test\nevus\ISIC_0015964.jpg,0.06583109,0.036051422
C:/Users/Dwight/Music/AP187-Imaging/Dermatologist-AI/data/test\nevus\ISIC_0015965.jpg,0.30943006,0.0902802
C:/Users/Dwight/Music/AP187-Imaging/Dermatologist-AI/data/test\nevus\ISIC_0015966.jpg,0.100434035,0.23550034
C:/Users/Dwight/Music/AP187-Imaging/Dermatologist-AI/data/test\nevus\ISIC_0015967.jpg,0.10332642,0.024115212
C:/Users/Dwight/Music/AP187-Imaging/Dermatologist-AI/data/test\nevus\ISIC_0015968.jpg,0.71256936,0.13287081
C:/Users/Dwight/Music/AP187-Imaging/Dermatologist-AI/data/test\nevus\ISIC_0015969.jpg,0.11312203,0.574311
C:/Users/Dwight/Music/AP187-Imaging/Dermatologist-AI/data/test\nevus\ISIC_0015971.jpg,0.08479128,0.013978855
C:/Users/Dwight/Music/AP187-Imaging/Dermatologist-AI/data/test\nevus\ISIC_0015972.jpg,0.013054451,0.89127517
C:/Users/Dwight/Music/AP187-Imaging/Dermatologist-AI/data/test\nevus\ISIC_0015973.jpg,0.054372374,0.18817383
C:/Users/Dwight/Music/AP187-Imaging/Dermatologist-AI/data/test\nevus\ISIC_0015974.jpg,0.15429023,0.16038433
C:/Users/Dwight/Music/AP187-Imaging/Dermatologist-AI/data/test\nevus\ISIC_0015975.jpg,0.059311744,0.08506319
C:/Users/Dwight/Music/AP187-Imaging/Dermatologist-AI/data/test\nevus\ISIC_0015976.jpg,0.07898052,0.045174688
C:/Users/Dwight/Music/AP187-Imaging/Dermatologist-AI/data/test\nevus\ISIC_0015978.jpg,0.05954396,0.629219
C:/Users/Dwight/Music/AP187-Imaging/Dermatologist-AI/data/test\nevus\ISIC_0015979.jpg,0.1357847,0.56888497
C:/Users/Dwight/Music/AP187-Imaging/Dermatologist-AI/data/test\nevus\ISIC_0015980.jpg,0.19849181,0.12691425
C:/Users/Dwight/Music/AP187-Imaging/Dermatologist-AI/data/test\nevus\ISIC_0015981.jpg,0.12943824,0.06881404
C:/Users/Dwight/Music/AP187-Imaging/Dermatologist-AI/data/test\nevus\ISIC_0015982.jpg,0.06945887,0.013991883
C:/Users/Dwight/Music/AP187-Imaging/Dermatologist-AI/data/test\nevus\ISIC_0015983.jpg,0.31986386,0.37777996
C:/Users/Dwight/Music/AP187-Imaging/Dermatologist-AI/data/test\nevus\ISIC_0015984.jpg,0.109791026,0.49290943
C:/Users/Dwight/Music/AP187-Imaging/Dermatologist-AI/data/test\nevus\ISIC_0015985.jpg,0.06373321,0.022411333
C:/Users/Dwight/Music/AP187-Imaging/Dermatologist-AI/data/test\nevus\ISIC_0015986.jpg,0.15145993,0.07930837
C:/Users/Dwight/Music/AP187-Imaging/Dermatologist-AI/data/test\nevus\ISIC_0015987.jpg,0.05781706,0.046203155
C:/Users/Dwight/Music/AP187-Imaging/Dermatologist-AI/data/test\nevus\ISIC_0015988.jpg,0.35180926,0.13797253
C:/Users/Dwight/Music/AP187-Imaging/Dermatologist-AI/data/test\nevus\ISIC_0015989.jpg,0.11734548,0.27890706
C:/Users/Dwight/Music/AP187-Imaging/Dermatologist-AI/data/test\nevus\ISIC_0015990.jpg,0.13235782,0.03664364
C:/Users/Dwight/Music/AP187-Imaging/Dermatologist-AI/data/test\nevus\ISIC_0015991.jpg,0.2768498,0.05541743
C:/Users/Dwight/Music/AP187-Imaging/Dermatologist-AI/data/test\nevus\ISIC_0015992.jpg,0.06847019,0.012932102
C:/Users/Dwight/Music/AP187-Imaging/Dermatologist-AI/data/test\nevus\ISIC_0015993.jpg,0.20493984,0.06853784
C:/Users/Dwight/Music/AP187-Imaging/Dermatologist-AI/data/test\nevus\ISIC_0015994.jpg,0.14586547,0.03947823
C:/Users/Dwight/Music/AP187-Imaging/Dermatologist-AI/data/test\nevus\ISIC_0015995.jpg,0.5002355,0.0644703
C:/Users/Dwight/Music/AP187-Imaging/Dermatologist-AI/data/test\nevus\ISIC_0015996.jpg,0.27671862,0.048200067
C:/Users/Dwight/Music/AP187-Imaging/Dermatologist-AI/data/test\nevus\ISIC_0015997.jpg,0.14264302,0.026791167
C:/Users/Dwight/Music/AP187-Imaging/Dermatologist-AI/data/test\nevus\ISIC_0015998.jpg,0.25226906,0.07187054
C:/Users/Dwight/Music/AP187-Imaging/Dermatologist-AI/data/test\nevus\ISIC_0015999.jpg,0.02180997,0.03183984
C:/Users/Dwight/Music/AP187-Imaging/Dermatologist-AI/data/test\nevus\ISIC_0016000.jpg,0.47198436,0.2292879
C:/Users/Dwight/Music/AP187-Imaging/Dermatologist-AI/data/test\nevus\ISIC_0016001.jpg,0.16460791,0.1459699
C:/Users/Dwight/Music/AP187-Imaging/Dermatologist-AI/data/test\nevus\ISIC_0016002.jpg,0.056789093,0.20106657
C:/Users/Dwight/Music/AP187-Imaging/Dermatologist-AI/data/test\nevus\ISIC_0016003.jpg,0.17091061,0.10953168
C:/Users/Dwight/Music/AP187-Imaging/Dermatologist-AI/data/test\nevus\ISIC_0016004.jpg,0.43351227,0.10539176
C:/Users/Dwight/Music/AP187-Imaging/Dermatologist-AI/data/test\nevus\ISIC_0016005.jpg,0.17900021,0.07156988
C:/Users/Dwight/Music/AP187-Imaging/Dermatologist-AI/data/test\nevus\ISIC_0016006.jpg,0.04579108,0.7528524
C:/Users/Dwight/Music/AP187-Imaging/Dermatologist-AI/data/test\nevus\ISIC_0016007.jpg,0.11920575,0.3789406
C:/Users/Dwight/Music/AP187-Imaging/Dermatologist-AI/data/test\nevus\ISIC_0016008.jpg,0.45561492,0.22466409
C:/Users/Dwight/Music/AP187-Imaging/Dermatologist-AI/data/test\nevus\ISIC_0016009.jpg,0.09929858,0.14908697
C:/Users/Dwight/Music/AP187-Imaging/Dermatologist-AI/data/test\nevus\ISIC_0016011.jpg,0.018900529,0.7375426
C:/Users/Dwight/Music/AP187-Imaging/Dermatologist-AI/data/test\nevus\ISIC_0016012.jpg,0.23125012,0.15106745
C:/Users/Dwight/Music/AP187-Imaging/Dermatologist-AI/data/test\nevus\ISIC_0016013.jpg,0.04490028,0.35097945
C:/Users/Dwight/Music/AP187-Imaging/Dermatologist-AI/data/test\nevus\ISIC_0016014.jpg,0.017078297,0.01990737
C:/Users/Dwight/Music/AP187-Imaging/Dermatologist-AI/data/test\nevus\ISIC_0016015.jpg,0.085509345,0.11245752
C:/Users/Dwight/Music/AP187-Imaging/Dermatologist-AI/data/test\nevus\ISIC_0016016.jpg,0.056532286,0.15329872
C:/Users/Dwight/Music/AP187-Imaging/Dermatologist-AI/data/test\nevus\ISIC_0016017.jpg,0.014766647,0.056979626
C:/Users/Dwight/Music/AP187-Imaging/Dermatologist-AI/data/test\nevus\ISIC_0016018.jpg,0.05819305,0.050973423
C:/Users/Dwight/Music/AP187-Imaging/Dermatologist-AI/data/test\nevus\ISIC_0016019.jpg,0.09896651,0.7406572
C:/Users/Dwight/Music/AP187-Imaging/Dermatologist-AI/data/test\nevus\ISIC_0016022.jpg,0.5615462,0.095935985
C:/Users/Dwight/Music/AP187-Imaging/Dermatologist-AI/data/test\nevus\ISIC_0016023.jpg,0.116354086,0.579594
C:/Users/Dwight/Music/AP187-Imaging/Dermatologist-AI/data/test\nevus\ISIC_0016024.jpg,0.64710915,0.15792833
C:/Users/Dwight/Music/AP187-Imaging/Dermatologist-AI/data/test\nevus\ISIC_0016025.jpg,0.274743,0.1173433
C:/Users/Dwight/Music/AP187-Imaging/Dermatologist-AI/data/test\nevus\ISIC_0016026.jpg,0.22162005,0.22760253
C:/Users/Dwight/Music/AP187-Imaging/Dermatologist-AI/data/test\nevus\ISIC_0016027.jpg,0.121046305,0.4302568
C:/Users/Dwight/Music/AP187-Imaging/Dermatologist-AI/data/test\nevus\ISIC_0016028.jpg,0.0052606408,0.2704133
C:/Users/Dwight/Music/AP187-Imaging/Dermatologist-AI/data/test\nevus\ISIC_0016029.jpg,0.1101345,0.06960797
C:/Users/Dwight/Music/AP187-Imaging/Dermatologist-AI/data/test\nevus\ISIC_0016030.jpg,0.19115518,0.12293391
C:/Users/Dwight/Music/AP187-Imaging/Dermatologist-AI/data/test\nevus\ISIC_0016031.jpg,0.28997695,0.016119288
C:/Users/Dwight/Music/AP187-Imaging/Dermatologist-AI/data/test\nevus\ISIC_0016033.jpg,0.45339262,0.32707593
C:/Users/Dwight/Music/AP187-Imaging/Dermatologist-AI/data/test\nevus\ISIC_0016034.jpg,0.46083272,0.1875802
C:/Users/Dwight/Music/AP187-Imaging/Dermatologist-AI/data/test\nevus\ISIC_0016035.jpg,0.37013763,0.20756482
C:/Users/Dwight/Music/AP187-Imaging/Dermatologist-AI/data/test\nevus\ISIC_0016036.jpg,0.38176352,0.17687699
C:/Users/Dwight/Music/AP187-Imaging/Dermatologist-AI/data/test\nevus\ISIC_0016037.jpg,0.16886,0.1668918
C:/Users/Dwight/Music/AP187-Imaging/Dermatologist-AI/data/test\nevus\ISIC_0016038.jpg,0.0658973,0.016982373
C:/Users/Dwight/Music/AP187-Imaging/Dermatologist-AI/data/test\nevus\ISIC_0016040.jpg,0.32397848,0.11608006
C:/Users/Dwight/Music/AP187-Imaging/Dermatologist-AI/data/test\nevus\ISIC_0016041.jpg,0.36231408,0.21912412
C:/Users/Dwight/Music/AP187-Imaging/Dermatologist-AI/data/test\nevus\ISIC_0016042.jpg,0.20451674,0.17862085
C:/Users/Dwight/Music/AP187-Imaging/Dermatologist-AI/data/test\nevus\ISIC_0016043.jpg,0.2720291,0.038629323
C:/Users/Dwight/Music/AP187-Imaging/Dermatologist-AI/data/test\nevus\ISIC_0016044.jpg,0.2114406,0.38517246
C:/Users/Dwight/Music/AP187-Imaging/Dermatologist-AI/data/test\nevus\ISIC_0016045.jpg,0.1679128,0.036426906
C:/Users/Dwight/Music/AP187-Imaging/Dermatologist-AI/data/test\nevus\ISIC_0016046.jpg,0.3089692,0.028511355
C:/Users/Dwight/Music/AP187-Imaging/Dermatologist-AI/data/test\nevus\ISIC_0016048.jpg,0.20283645,0.031350087
C:/Users/Dwight/Music/AP187-Imaging/Dermatologist-AI/data/test\nevus\ISIC_0016049.jpg,0.2607028,0.022436667
C:/Users/Dwight/Music/AP187-Imaging/Dermatologist-AI/data/test\nevus\ISIC_0016050.jpg,0.2599755,0.06472266
C:/Users/Dwight/Music/AP187-Imaging/Dermatologist-AI/data/test\nevus\ISIC_0016051.jpg,0.116844706,0.17907804
C:/Users/Dwight/Music/AP187-Imaging/Dermatologist-AI/data/test\nevus\ISIC_0016052.jpg,0.48107752,0.02606004
C:/Users/Dwight/Music/AP187-Imaging/Dermatologist-AI/data/test\nevus\ISIC_0016053.jpg,0.042690143,0.005835298
C:/Users/Dwight/Music/AP187-Imaging/Dermatologist-AI/data/test\nevus\ISIC_0016054.jpg,0.25892407,0.34939948
C:/Users/Dwight/Music/AP187-Imaging/Dermatologist-AI/data/test\nevus\ISIC_0016055.jpg,0.037545137,0.034243096
C:/Users/Dwight/Music/AP187-Imaging/Dermatologist-AI/data/test\nevus\ISIC_0016056.jpg,0.24128765,0.23654604
C:/Users/Dwight/Music/AP187-Imaging/Dermatologist-AI/data/test\nevus\ISIC_0016057.jpg,0.38939384,0.0931094
C:/Users/Dwight/Music/AP187-Imaging/Dermatologist-AI/data/test\nevus\ISIC_0016058.jpg,0.04073239,0.48398554
C:/Users/Dwight/Music/AP187-Imaging/Dermatologist-AI/data/test\nevus\ISIC_0016059.jpg,0.17974657,0.09587956
C:/Users/Dwight/Music/AP187-Imaging/Dermatologist-AI/data/test\nevus\ISIC_0016060.jpg,0.47786057,0.052582238
C:/Users/Dwight/Music/AP187-Imaging/Dermatologist-AI/data/test\nevus\ISIC_0016061.jpg,0.058358107,0.002458893
C:/Users/Dwight/Music/AP187-Imaging/Dermatologist-AI/data/test\nevus\ISIC_0016062.jpg,0.29992044,0.02160418
C:/Users/Dwight/Music/AP187-Imaging/Dermatologist-AI/data/test\nevus\ISIC_0016063.jpg,0.34124845,0.07393156
C:/Users/Dwight/Music/AP187-Imaging/Dermatologist-AI/data/test\nevus\ISIC_0016064.jpg,0.07784573,0.39924896
C:/Users/Dwight/Music/AP187-Imaging/Dermatologist-AI/data/test\nevus\ISIC_0016065.jpg,0.020260895,0.10389684
C:/Users/Dwight/Music/AP187-Imaging/Dermatologist-AI/data/test\nevus\ISIC_0016066.jpg,0.6999925,0.08301788
C:/Users/Dwight/Music/AP187-Imaging/Dermatologist-AI/data/test\nevus\ISIC_0016068.jpg,0.53420347,0.09511941
C:/Users/Dwight/Music/AP187-Imaging/Dermatologist-AI/data/test\nevus\ISIC_0016069.jpg,0.08859455,0.12636535
C:/Users/Dwight/Music/AP187-Imaging/Dermatologist-AI/data/test\nevus\ISIC_0016070.jpg,0.087506406,0.29362214
C:/Users/Dwight/Music/AP187-Imaging/Dermatologist-AI/data/test\nevus\ISIC_0016071.jpg,0.3198561,0.10098073
C:/Users/Dwight/Music/AP187-Imaging/Dermatologist-AI/data/test\nevus\ISIC_0016072.jpg,0.6200024,0.13953084
C:/Users/Dwight/Music/AP187-Imaging/Dermatologist-AI/data/test\seborrheic_keratosis\ISIC_0012086.jpg,0.15839674,0.5135594
C:/Users/Dwight/Music/AP187-Imaging/Dermatologist-AI/data/test\seborrheic_keratosis\ISIC_0012134.jpg,0.19881935,0.7471655
C:/Users/Dwight/Music/AP187-Imaging/Dermatologist-AI/data/test\seborrheic_keratosis\ISIC_0012136.jpg,0.16515452,0.47765636
C:/Users/Dwight/Music/AP187-Imaging/Dermatologist-AI/data/test\seborrheic_keratosis\ISIC_0012178.jpg,0.24562618,0.40321884
C:/Users/Dwight/Music/AP187-Imaging/Dermatologist-AI/data/test\seborrheic_keratosis\ISIC_0012199.jpg,0.45782173,0.29295564
C:/Users/Dwight/Music/AP187-Imaging/Dermatologist-AI/data/test\seborrheic_keratosis\ISIC_0012207.jpg,0.10996062,0.2255279
C:/Users/Dwight/Music/AP187-Imaging/Dermatologist-AI/data/test\seborrheic_keratosis\ISIC_0012215.jpg,0.16516116,0.7463797
C:/Users/Dwight/Music/AP187-Imaging/Dermatologist-AI/data/test\seborrheic_keratosis\ISIC_0012223.jpg,0.39283487,0.42134058
C:/Users/Dwight/Music/AP187-Imaging/Dermatologist-AI/data/test\seborrheic_keratosis\ISIC_0012240.jpg,0.27442732,0.63262075
C:/Users/Dwight/Music/AP187-Imaging/Dermatologist-AI/data/test\seborrheic_keratosis\ISIC_0012248.jpg,0.15780604,0.6171469
C:/Users/Dwight/Music/AP187-Imaging/Dermatologist-AI/data/test\seborrheic_keratosis\ISIC_0012265.jpg,0.72616136,0.11343131
C:/Users/Dwight/Music/AP187-Imaging/Dermatologist-AI/data/test\seborrheic_keratosis\ISIC_0012266.jpg,0.13995734,0.69872457
C:/Users/Dwight/Music/AP187-Imaging/Dermatologist-AI/data/test\seborrheic_keratosis\ISIC_0012272.jpg,0.030962633,0.5357402
C:/Users/Dwight/Music/AP187-Imaging/Dermatologist-AI/data/test\seborrheic_keratosis\ISIC_0012273.jpg,0.08051471,0.8858213
C:/Users/Dwight/Music/AP187-Imaging/Dermatologist-AI/data/test\seborrheic_keratosis\ISIC_0012314.jpg,0.1268711,0.34799904
C:/Users/Dwight/Music/AP187-Imaging/Dermatologist-AI/data/test\seborrheic_keratosis\ISIC_0012323.jpg,0.16415206,0.7221972
C:/Users/Dwight/Music/AP187-Imaging/Dermatologist-AI/data/test\seborrheic_keratosis\ISIC_0012330.jpg,0.06594789,0.8170199
C:/Users/Dwight/Music/AP187-Imaging/Dermatologist-AI/data/test\seborrheic_keratosis\ISIC_0012358.jpg,0.36955827,0.18819837
C:/Users/Dwight/Music/AP187-Imaging/Dermatologist-AI/data/test\seborrheic_keratosis\ISIC_0012364.jpg,0.08512698,0.44640675
C:/Users/Dwight/Music/AP187-Imaging/Dermatologist-AI/data/test\seborrheic_keratosis\ISIC_0012372.jpg,0.08694136,0.3993979
C:/Users/Dwight/Music/AP187-Imaging/Dermatologist-AI/data/test\seborrheic_keratosis\ISIC_0012375.jpg,0.23964901,0.54472387
C:/Users/Dwight/Music/AP187-Imaging/Dermatologist-AI/data/test\seborrheic_keratosis\ISIC_0012387.jpg,0.033575602,0.88558227
C:/Users/Dwight/Music/AP187-Imaging/Dermatologist-AI/data/test\seborrheic_keratosis\ISIC_0012388.jpg,0.09381876,0.42762777
C:/Users/Dwight/Music/AP187-Imaging/Dermatologist-AI/data/test\seborrheic_keratosis\ISIC_0012414.jpg,0.2160113,0.35195994
C:/Users/Dwight/Music/AP187-Imaging/Dermatologist-AI/data/test\seborrheic_keratosis\ISIC_0012428.jpg,0.2514843,0.17760016
C:/Users/Dwight/Music/AP187-Imaging/Dermatologist-AI/data/test\seborrheic_keratosis\ISIC_0012432.jpg,0.07225383,0.6342027
C:/Users/Dwight/Music/AP187-Imaging/Dermatologist-AI/data/test\seborrheic_keratosis\ISIC_0012447.jpg,0.117174946,0.70101595
C:/Users/Dwight/Music/AP187-Imaging/Dermatologist-AI/data/test\seborrheic_keratosis\ISIC_0012448.jpg,0.10364599,0.71766084
C:/Users/Dwight/Music/AP187-Imaging/Dermatologist-AI/data/test\seborrheic_keratosis\ISIC_0012510.jpg,0.6393305,0.20482829
C:/Users/Dwight/Music/AP187-Imaging/Dermatologist-AI/data/test\seborrheic_keratosis\ISIC_0012522.jpg,0.06457809,0.31502724
C:/Users/Dwight/Music/AP187-Imaging/Dermatologist-AI/data/test\seborrheic_keratosis\ISIC_0012537.jpg,0.21885704,0.43163007
C:/Users/Dwight/Music/AP187-Imaging/Dermatologist-AI/data/test\seborrheic_keratosis\ISIC_0012548.jpg,0.1880753,0.55701953
C:/Users/Dwight/Music/AP187-Imaging/Dermatologist-AI/data/test\seborrheic_keratosis\ISIC_0012705.jpg,0.2693583,0.4882314
C:/Users/Dwight/Music/AP187-Imaging/Dermatologist-AI/data/test\seborrheic_keratosis\ISIC_0012757.jpg,0.02775305,0.8017329
C:/Users/Dwight/Music/AP187-Imaging/Dermatologist-AI/data/test\seborrheic_keratosis\ISIC_0012786.jpg,0.09789566,0.72995394
C:/Users/Dwight/Music/AP187-Imaging/Dermatologist-AI/data/test\seborrheic_keratosis\ISIC_0012848.jpg,0.26215422,0.5388021
C:/Users/Dwight/Music/AP187-Imaging/Dermatologist-AI/data/test\seborrheic_keratosis\ISIC_0012852.jpg,0.012756535,0.4515247
C:/Users/Dwight/Music/AP187-Imaging/Dermatologist-AI/data/test\seborrheic_keratosis\ISIC_0012928.jpg,0.027226817,0.85496974
C:/Users/Dwight/Music/AP187-Imaging/Dermatologist-AI/data/test\seborrheic_keratosis\ISIC_0012955.jpg,0.2271535,0.39778647
C:/Users/Dwight/Music/AP187-Imaging/Dermatologist-AI/data/test\seborrheic_keratosis\ISIC_0012974.jpg,0.13807392,0.4375867
C:/Users/Dwight/Music/AP187-Imaging/Dermatologist-AI/data/test\seborrheic_keratosis\ISIC_0013030.jpg,0.056647174,0.66575706
C:/Users/Dwight/Music/AP187-Imaging/Dermatologist-AI/data/test\seborrheic_keratosis\ISIC_0013035.jpg,0.14508024,0.49605903
C:/Users/Dwight/Music/AP187-Imaging/Dermatologist-AI/data/test\seborrheic_keratosis\ISIC_0013085.jpg,0.014504112,0.8554498
C:/Users/Dwight/Music/AP187-Imaging/Dermatologist-AI/data/test\seborrheic_keratosis\ISIC_0013169.jpg,0.1205195,0.82004666
C:/Users/Dwight/Music/AP187-Imaging/Dermatologist-AI/data/test\seborrheic_keratosis\ISIC_0013170.jpg,0.20507765,0.6810576
C:/Users/Dwight/Music/AP187-Imaging/Dermatologist-AI/data/test\seborrheic_keratosis\ISIC_0013203.jpg,0.046224177,0.7692663
C:/Users/Dwight/Music/AP187-Imaging/Dermatologist-AI/data/test\seborrheic_keratosis\ISIC_0013270.jpg,0.27365413,0.0301016
C:/Users/Dwight/Music/AP187-Imaging/Dermatologist-AI/data/test\seborrheic_keratosis\ISIC_0013271.jpg,0.08705408,0.45557797
C:/Users/Dwight/Music/AP187-Imaging/Dermatologist-AI/data/test\seborrheic_keratosis\ISIC_0013281.jpg,0.0660629,0.89355445
C:/Users/Dwight/Music/AP187-Imaging/Dermatologist-AI/data/test\seborrheic_keratosis\ISIC_0013319.jpg,0.23454085,0.48250344
C:/Users/Dwight/Music/AP187-Imaging/Dermatologist-AI/data/test\seborrheic_keratosis\ISIC_0013393.jpg,0.13930698,0.4019974
C:/Users/Dwight/Music/AP187-Imaging/Dermatologist-AI/data/test\seborrheic_keratosis\ISIC_0013465.jpg,0.05904067,0.7585091
C:/Users/Dwight/Music/AP187-Imaging/Dermatologist-AI/data/test\seborrheic_keratosis\ISIC_0013673.jpg,0.023664134,0.7591351
C:/Users/Dwight/Music/AP187-Imaging/Dermatologist-AI/data/test\seborrheic_keratosis\ISIC_0013708.jpg,0.07022615,0.9231051
C:/Users/Dwight/Music/AP187-Imaging/Dermatologist-AI/data/test\seborrheic_keratosis\ISIC_0013764.jpg,0.24952413,0.68615294
C:/Users/Dwight/Music/AP187-Imaging/Dermatologist-AI/data/test\seborrheic_keratosis\ISIC_0013977.jpg,0.017994171,0.73082966
C:/Users/Dwight/Music/AP187-Imaging/Dermatologist-AI/data/test\seborrheic_keratosis\ISIC_0014006.jpg,0.1798129,0.72112936
C:/Users/Dwight/Music/AP187-Imaging/Dermatologist-AI/data/test\seborrheic_keratosis\ISIC_0014177.jpg,0.15407889,0.45795533
C:/Users/Dwight/Music/AP187-Imaging/Dermatologist-AI/data/test\seborrheic_keratosis\ISIC_0014251.jpg,0.22406782,0.6902993
C:/Users/Dwight/Music/AP187-Imaging/Dermatologist-AI/data/test\seborrheic_keratosis\ISIC_0014278.jpg,0.13636576,0.03592741
C:/Users/Dwight/Music/AP187-Imaging/Dermatologist-AI/data/test\seborrheic_keratosis\ISIC_0014386.jpg,0.27462697,0.33618873
C:/Users/Dwight/Music/AP187-Imaging/Dermatologist-AI/data/test\seborrheic_keratosis\ISIC_0014392.jpg,0.36131468,0.37524566
C:/Users/Dwight/Music/AP187-Imaging/Dermatologist-AI/data/test\seborrheic_keratosis\ISIC_0014409.jpg,0.028101685,0.035963017
C:/Users/Dwight/Music/AP187-Imaging/Dermatologist-AI/data/test\seborrheic_keratosis\ISIC_0014419.jpg,0.40188262,0.16059195
C:/Users/Dwight/Music/AP187-Imaging/Dermatologist-AI/data/test\seborrheic_keratosis\ISIC_0014457.jpg,0.23974003,0.2047796
C:/Users/Dwight/Music/AP187-Imaging/Dermatologist-AI/data/test\seborrheic_keratosis\ISIC_0014474.jpg,0.038805705,0.9064054
C:/Users/Dwight/Music/AP187-Imaging/Dermatologist-AI/data/test\seborrheic_keratosis\ISIC_0014500.jpg,0.3454844,0.38825506
C:/Users/Dwight/Music/AP187-Imaging/Dermatologist-AI/data/test\seborrheic_keratosis\ISIC_0014503.jpg,0.11110334,0.2049909
C:/Users/Dwight/Music/AP187-Imaging/Dermatologist-AI/data/test\seborrheic_keratosis\ISIC_0014567.jpg,0.0013305051,0.9974661
C:/Users/Dwight/Music/AP187-Imaging/Dermatologist-AI/data/test\seborrheic_keratosis\ISIC_0014574.jpg,0.008264578,0.96913224
C:/Users/Dwight/Music/AP187-Imaging/Dermatologist-AI/data/test\seborrheic_keratosis\ISIC_0014575.jpg,0.00028191172,0.99883455
C:/Users/Dwight/Music/AP187-Imaging/Dermatologist-AI/data/test\seborrheic_keratosis\ISIC_0014586.jpg,0.59925705,0.044372395
C:/Users/Dwight/Music/AP187-Imaging/Dermatologist-AI/data/test\seborrheic_keratosis\ISIC_0014587.jpg,0.04389231,0.57645607
C:/Users/Dwight/Music/AP187-Imaging/Dermatologist-AI/data/test\seborrheic_keratosis\ISIC_0014588.jpg,0.042905252,0.8239863
C:/Users/Dwight/Music/AP187-Imaging/Dermatologist-AI/data/test\seborrheic_keratosis\ISIC_0014590.jpg,0.12619722,0.6244395
C:/Users/Dwight/Music/AP187-Imaging/Dermatologist-AI/data/test\seborrheic_keratosis\ISIC_0014600.jpg,0.028944977,0.95127916
C:/Users/Dwight/Music/AP187-Imaging/Dermatologist-AI/data/test\seborrheic_keratosis\ISIC_0014619.jpg,0.016965417,0.9812138
C:/Users/Dwight/Music/AP187-Imaging/Dermatologist-AI/data/test\seborrheic_keratosis\ISIC_0014626.jpg,0.00047152434,0.99931204
C:/Users/Dwight/Music/AP187-Imaging/Dermatologist-AI/data/test\seborrheic_keratosis\ISIC_0014627.jpg,0.00035949954,0.99900335
C:/Users/Dwight/Music/AP187-Imaging/Dermatologist-AI/data/test\seborrheic_keratosis\ISIC_0014629.jpg,1.7993752e-05,0.9999367
C:/Users/Dwight/Music/AP187-Imaging/Dermatologist-AI/data/test\seborrheic_keratosis\ISIC_0014631.jpg,0.0009571099,0.99796224
C:/Users/Dwight/Music/AP187-Imaging/Dermatologist-AI/data/test\seborrheic_keratosis\ISIC_0014634.jpg,0.06286921,0.8295486
C:/Users/Dwight/Music/AP187-Imaging/Dermatologist-AI/data/test\seborrheic_keratosis\ISIC_0014643.jpg,0.00015789524,0.9997867
C:/Users/Dwight/Music/AP187-Imaging/Dermatologist-AI/data/test\seborrheic_keratosis\ISIC_0014644.jpg,0.46803388,0.14481874
C:/Users/Dwight/Music/AP187-Imaging/Dermatologist-AI/data/test\seborrheic_keratosis\ISIC_0014645.jpg,0.093687996,0.89093167
C:/Users/Dwight/Music/AP187-Imaging/Dermatologist-AI/data/test\seborrheic_keratosis\ISIC_0014647.jpg,0.013625794,0.95432585
C:/Users/Dwight/Music/AP187-Imaging/Dermatologist-AI/data/test\seborrheic_keratosis\ISIC_0014648.jpg,0.0035884655,0.99495834
C:/Users/Dwight/Music/AP187-Imaging/Dermatologist-AI/data/test\seborrheic_keratosis\ISIC_0014649.jpg,0.00079873455,0.9980166
C:/Users/Dwight/Music/AP187-Imaging/Dermatologist-AI/data/test\seborrheic_keratosis\ISIC_0014652.jpg,0.0048710126,0.9877225
C:/Users/Dwight/Music/AP187-Imaging/Dermatologist-AI/data/test\seborrheic_keratosis\ISIC_0014653.jpg,0.0015217724,0.9977939
